방향,movement_population,비중
마곡권 내부·상호 이동,38204.89925,0.20496794870722151
마곡권으로 유입,92304.985125,0.4952130179095249
마곡권에서 유출,55884.62018518519,0.29981903338325366
